CITIZEN
insert into citizen values('000011112222', 'Aakash Shah', '1977-02-13', 44, 'Male', '9876543210', 'No', '380004_02',NULL);
Insert into citizen values('999900001111', 'Dileep Shah', '2007-10-15', 45, 'Male', 'NA', 'No', '380004_02',NULL);
Insert into citizen values('333311112222', 'Sheetal Shah', '1974-02-16', 47, 'Female', '8214783727', 'No', '380004_02',NULL);
Insert into citizen values('000012342222', 'Parekh Shah', '1947-11-11', 73, 'Male', '5319041555', 'No', '380004_02','333311112222');
Insert into citizen values('111144442222', 'Javeri Shah', '1957-12-13', 63, 'Female', '7585697814', 'No', '380004_02','333311112222');
Insert into citizen values('111100007777', 'Jignesh Shah', '1980-01-11', 41, 'Male', '3362705818', 'Vision Impaired', '380004_02','999900001111');
Insert into citizen values('555511112222', 'Vihaan Shah', '2002-03-17', 19, 'Male', '9324867767', 'No', '380004_02',NULL);

Insert into citizen values('555511112233', 'Vanya Shah', '1942-08-17', 79, 'Female', '9324867799', 'Deaf', '380004_02','999900001111');
Insert into citizen values('666144442222', 'Bindu Shah', '2021-02-28', 0, 'Female', 'NA', 'No', '380004_02','333311112222');


Insert into citizen values('111122223333', 'Akhila Narayan', '1987-09-21', 33, 'Female', '4406678249', 'No', '560070_21',NULL);
Insert into citizen values('777722223333', 'Sneha  Narayan', '2017-01-23',4, 'Female', 'NA', 'No', '560070_21','111122223333');
Insert into citizen values('555522223333', 'Narayan Prasad', '1984-03-03', 37, 'Male', '5237360007', 'No', '560070_21',NULL);

Insert into citizen values('495522223233', 'Nikhil Prasad', '2021-03-19', 0, 'Male', 'NA', 'No', '560070_21','111122223333');
Insert into citizen values('555522223344', 'Mahalxmi Prasad', '1964-01-24', 57, 'Female', '9237360007', 'No', '560070_21','5237360007');


Insert into citizen values('222233334444', 'Brindha Lokesh', '1995-05-15', 25, 'Female', '2951883305', 'No', '560010_33',NULL);
Insert into citizen values('111133334444', 'Kannur Lokesh', '1993-04-01', 28, 'Male', '2627520387', 'No', '560010_33',NULL);



Insert into citizen values('666677778888', 'Chinmayee Prakash', '1995-01-13', 26, 'Female', '7735228685', 'No', '560070_27',NULL);
Insert into citizen values('333344445555', 'Prakash Raj', '1969-06-29', 51, 'Male', '6383023635', 'No', '560070_27','666677778888');
Insert into citizen values('888899991111', 'Charan Prakash', '1995-01-13', 26, 'Male', '3229853008', 'No', '560070_27',NULL);
Insert into citizen values('888899991112', 'Madhavi Prakash', '1970-01-01', 51, 'Female', '5741153246', 'Polio', '560070_27','666677778888');

Insert into citizen values('655677755888', 'Riya Chinmayee', '2021-04-23', 0, 'Female', 'NA', 'No', '560070_27','666677778888');
Insert into citizen values('888899991672', 'Madhanna Sastry', '1939-11-01', 81, 'Male', '9834153246', 'No', '560070_27','666677778888');
Insert into citizen values('268893491672', 'Shantala Sastry', '1945-12-31', 75, 'Female', '7834153245', 'No', '560070_27','666677778888');


Insert into citizen values('999988887777', 'Deepa Rao', '1976-05-16', 44, 'Female', '5700771853', 'No', '560012_09',NULL);
Insert into citizen values('777766665555', 'Eshaan Rao', '2002-03-21', 19, 'Male', '5721131816', 'Muscular Dystrophy', '560012_09','999988887777');
Insert into citizen values('444433332222', 'Sathyanarayan Rao', '1971-08-04',49, 'Male', '164187216', 'No', '560012_09',NULL);
Insert into citizen values('22221111000', 'Harini Rao', '2006-07-06', 14, 'Female', 'NA', 'No', '560012_09','999988887777');
Insert into citizen values('111100009999', 'Isiri Rao', '2003-04-03', 17, 'Female', 'NA', 'No', '560012_09','444433332222');

Insert into citizen values('122100009889', 'Ipsita Rao', '2021-01-14', 0, 'Female', 'NA', 'No', '560012_09','444433332222');
Insert into citizen values('421433332132', 'Ramnath Rao', '1941-08-08',79, 'Male', '743187216', 'No', '560012_09','444433332222');


Insert into citizen values('555577776666', 'Koshy George', '1985-03-19', 36, 'Male', '4218387447', 'No', '560061_11',NULL);
Insert into citizen values('999977776666', 'Parimala Koshy', '1988-02-24', 33, 'Female', '5722979110', 'No', '560061_11','555577776666');
Insert into citizen values('888877776666', 'Elizabeth Koshy', '2011-01-25', 10, 'Female', 'NA', 'No', '560061_11','555577776666');

Insert into citizen values('918877776666', 'Wilma Koshy', '2021-04-25', 0, 'Female', 'NA', 'No', '560061_11','555577776666');
Insert into citizen values('819979976666', 'Kenneth Koshy', '2021-04-25', 0, 'Male', 'NA', 'No', '560061_11','555577776666');
Insert into citizen values('532177776666', 'Maria Koshy', '1951-01-25', 70, 'Female', 'NA', 'No', '560061_11','555577776666');


Insert into citizen values('666655554444', 'Farooq  Abdullah', '1955-04-12', 66, 'Male', '4681095212', 'No', '110005_12',NULL);
Insert into citizen values('555544443333', 'Fathima Sheikh', '1957-02-13', 64, 'Female', '2967098697', 'No', '110005_12','666655554444');


Insert into citizen values('000011112522', 'Zara Kapoor', '1996-01-28', 25, 'Female', '1643795285', 'No', '400006_15',NULL);
Insert into citizen values('456711112222', 'Om Kapoor', '1967-08-06', 53, 'Male', '9314238969', 'No', '400006_15','000011112222');
Insert into citizen values('894311112222', 'Parineeti Kapoor', '1970-07-10', 50, 'Female', '3141095129', 'No', '400006_15',NULL);
Insert into citizen values('111100005555', 'Kalki Kapoor', '1998-04-18', 23, 'Female', '7696161064', 'No', '400006_15',NULL);
Insert into citizen values('000076132222', 'Rajeev Kapoor', '1960-01-09', 61, 'Male', '7044647881', 'Dementia', '400006_15','000011112222');
Insert into citizen values('234511112222', 'Naina Kapoor', '1961-12-24', 59, 'Female', '8142713129', 'No', '400006_15','111100005555');
Insert into citizen values('987611112222', 'Neil Kapoor', '1990-09-14', 30, 'Male', '723308492', 'No', '400006_15','894311112222');

Insert into citizen values('997611312922', 'Sanjana Kapoor', '2021-01-11', 0, 'Female', 'NA', 'No', '400006_15','111100005555');
Insert into citizen values('137611312222', 'Natasha Kapoor', '2021-03-19', 0, 'Female', 'NA', 'No', '400006_15','000011112522');
Insert into citizen values('887611112222', 'Nitin Kapoor', '1940-07-19', 80, 'Male', '823308492', 'No', '400006_15','894311112222');
Insert into citizen values('734511112222', 'Sheila Kapoor', '1941-12-24', 79, 'Female', '9142713129', 'No', '400006_15','894311112222');


Insert into citizen values('333322221111', 'Hitesh Patel', '1993-07-26', 27, 'Male', '8240179999', 'No', '560010_29',NULL);
Insert into citizen values('111100006666', 'Jigisha Patel', '1996-02-16', 25, 'Female', '8768492816', 'No', '560010_29',NULL);

Insert into citizen values('221100006643', 'Sarlaben Patel', '1946-12-16', 75, 'Female', '9968492816', 'No', '560010_29','333322221111');



Insert into citizen values('000034212222', 'Ravi Biswas', '1948-01-19', 73, 'Male', '7951573189', 'No', '700042_14',NULL);
Insert into citizen values('000054172222', 'Reeya Biswas', '1982-12-13', 38, 'Female', '9930751288','No' , '700042_14',NULL);
Insert into citizen values('000098762222', 'Siri Biswas', '2009-03-03', 12, 'Female', 'NA', 'Down Syndrome', '700042_14','000054172222');
Insert into citizen values('000064532222', 'Mithun Biswas', '1980-04-22', 41, 'Male', '9860858267', 'No', '700042_14',NULL);
Insert into citizen values('679811112222', 'Oindrilla Biswas', '1955-02-28', 66, 'Female', '7492135800', 'Physical disability', '700042_14','000034212222');

Insert into citizen values('170054172292', 'Ritu Biswas', '2021-02-05', 0, 'Female', 'NA','Congenital Heart Disease ' , '700042_14','000054172222');
Insert into citizen values('166054176692', 'Rudra Biswas', '2021-01-15', 0, 'Male', 'NA','No ' , '700042_14', '000064532222');
Insert into citizen values('379811112222', 'Ramlal Biswas', '1921-01-22', 100, 'Female', '6592135800', 'No', '700042_14','000034212222');

********************************************************************************************************************
FAMILY:
insert into family values('380004_02', '000011112222', 'Gujarati', '#26 Gandhi Road Shahpur', 'Ahmedabad', 'Gujarat', '380004');

Insert into family values('560070_21', '111122223333', 'Tamil', 'A-101, Shantinikethan Apartments, Rajeev Nagar', 'Bengaluru', 'Karnataka','560070');

Insert into family values('560010_33', '111133334444', 'Kannada', 'B-001, Shakunthala Apartments, Rajajinagar 1st Block', 'Bengaluru', 'Karnataka', '560010');

Insert into family values('560070_27', '333344445555','Kannada', '#33 JC Road, Rajeev Nagar ','Bengaluru', 'Karnataka', '560070');

Insert into family values('560012_09', '999988887777','Telugu','#20 Gulmohar Marg, Sadashivnagar', 'Bengaluru','Karnataka','560012');

Insert into family values('560061_11', '555577776666','Hindi','C-606 Sattva Apartments, SP Road, Subramanyapura', 'Bengaluru', 'Karnataka', '560061');

Insert into family values('110005_12', '666655554444','Hindi','E-204, Swati Retirement Homes, GK Road', 'New Delhi', 'Delhi', '110005');

Insert into family values('400006_15', '000076132222','Marathi','#36 MG Road, Bandra West', 'Mumbai', 'Maharashtra', '400006');

Insert into family values('560010_29', '333322221111','Gujrati','A-506, Mantri Apartments, SN Road, Rajajinagar', 'Bengaluru', 'Karnataka', '560010');

Insert into family values('700042_14', '000064532222','Bengali','#05, KK Road, Rajnagar', 'Kolkata', 'West Bengal', '700042');

*********************************************************************************************************************
AMENITIES:

insert into amenities values('Columbia Asia ', 'Hospital', '12:00:00', '12:00:00', ' #01 AB Road ', 'Bengaluru', 'Karnataka', '560070');
insert into amenities values('Sri Vani High School ', 'School', '7:00:00', '17:00:00', '#02 BC Road ', 'Bengaluru', 'Karnataka', '560070');
insert into amenities values('Rainbow Condiments ', 'Department Store', '9:00:00','21:00:00', '#03 CD Road', 'Bengaluru', 'Karnataka', '560070');
insert into amenities values('Rajeev Nagar Vaccination Center ', 'Vaccination Center', '7:00:00','19:00:00', '#04 DE Road ', 'Bengaluru', 'Karnataka', '560070');
insert into amenities values('Rajeev Nagar Sports Complex ', 'Recreation','5:00:00', '23:00:00', '#05 EF Road', 'Bengaluru', 'Karnataka', '560070');
insert into amenities values('Christ College ', 'College', '7:00:00', '19:00:00', '#06 GH Road', 'Bengaluru', 'Karnataka', '560070');

insert into amenities values('Ansuya General Store ', 'Department Store', '9:00:00', '21:00:00', '#04 Summit Crossing ', 'Ahmedabad', 'Gujarat', '380004');
insert into amenities values('Shahpur Government Hospital ', 'Hospital', '12:00:00', '12:00:00', '#904 Oakridge Trail ', 'Ahmedabad', 'Gujarat', '380004');
insert into amenities values('Adani Public School ', 'School', '7:00:00', '17:00:00', '#08 Crest Line Center ', 'Ahmedabad', 'Gujarat', '380004');
insert into amenities values('Shahpur Vaccination Center ', 'Vaccination Center','7:00:00', '19:00:00', '#91 Farmco Street ', 'Ahmedabad', 'Gujarat', '380004');

insert into amenities values('Rajajinagar Vaccination Center ', 'Vaccination Center', '7:00:00', '19:00:00', '#07 HI Road', 'Bengaluru', 'Karnataka', '560010');
insert into amenities values('Venkat International Public School ', 'School','7:00:00', '17:00:00', '#08 IJ Road', 'Bengaluru', 'Karnataka', '560010');
insert into amenities values('Apollo Hospital ', 'Hospital', '12:00:00', '12:00:00', '#09 JK Road', 'Bengaluru', 'Karnataka', '560010');
insert into amenities values('Ambedkar Stadium ', 'Recreation','5:00:00', '20:00:00', '#10 KL Road', 'Bengaluru', 'Karnataka', '560010');

insert into amenities values(' Nilgiris ', 'Department Store', '9:00:00', '21:00:00', '#11 LM Road', 'Bengaluru', 'Karnataka', '560012');
insert into amenities values(' Sadashivnagar Vaccination Center ', 'Vaccination Center', '7:00:00', '19:00:00', '#12 MN Road', 'Bengaluru', 'Karnataka', '560012');
insert into amenities values('Suguna Hospital ', 'Hospital', '7:00:00', '23:00:00', '#13 NO Road', 'Bengaluru', 'Karnataka', '560012');

insert into amenities values(' Subramanyapura Government Girls School ', 'School', '7:00:00', '17:00:00', '#14 OP Road ', 'Bengaluru', 'Karnataka', '560061');
insert into amenities values(' East West Public School ', 'School', '7:00:00', '17:00:00', '#15 PQ Road ', 'Bengaluru', 'Karnataka', '560061');
insert into amenities values('Primary Healthcare Vaccination Center', 'Vaccination Center', '7:00:00', '19:00:00', '#16 QR Road', 'Bengaluru', 'Karnataka', '560061');
insert into amenities values('Lakshmi Multi-Specialty Hospital', 'Hospital', '12:00:00', '12:00:00', '#17 RS Road', 'Bengaluru', 'Karnataka', '560061');

insert into amenities values('Leelavati General Store', 'Department Store', '7:00:00', '23:00:00', '#18 ST Road', 'New Delhi', 'Delhi', '110005');
insert into amenities values('Delhi Vaccination Center', 'Vaccination Center', '7:00:00', '19:00:00', '#19 TU Road', 'New Delhi', 'Delhi', '110005');
insert into amenities values('Safdarjung Hospital', 'Hospital', '12:00:00', '12:00:00', '#20 UV Road', 'New Delhi', 'Delhi', '110005');
insert into amenities values('Nightingale Center for senior citizens', 'Recreation', '7:00:00', '18:00:00', '#21 VW Road', 'New Delhi', 'Delhi', '110005');

insert into amenities values(' Bandra Public School ', 'School', '7:00:00', '17:00:00', '#22 WX Road', 'Mumbai', 'Maharashtra', '400006');
insert into amenities values('Jamnabai Narsee  School ', 'School', '7:00:00', '17:00:00', '#23 XY Road', 'Mumbai', 'Maharashtra', '400006');
insert into amenities values('Podar Grocery Shop ', 'Department Store', '9:00:00', '21:00:00', '#24 YZ Road', 'Mumbai', 'Maharashtra', '400006');
insert into amenities values('Breach Candy Hospital', 'Hospital', '12:00:00', '12:00:00', '#25 AZ Road', 'Mumbai', 'Maharashtra', '400006');
insert into amenities values('Nanavati Vaccination Center', 'Vaccination Center', '7:00:00', '19:00:00', '#26 QP Road ', 'Mumbai', 'Maharashtra', '400006');
insert into amenities values('Shivaji Sports Arena', 'Recreation', '5:00:00', '21:00:00', '#27 NM Road', 'Mumbai', 'Maharashtra', '400006');
insert into amenities values('Bandra Clubhouse', 'Recreation', '5:00:00', '21:00:00', '#28 PS Road', 'Mumbai', 'Maharashtra', '400006');

insert into amenities values('Calcutta International  School ', 'School', '7:00:00', '17:00:00', '#30 GD Road', 'Kolkata', 'West Bengal', '700042');
insert into amenities values('Belle Vue Vaccination Center', 'Vaccination Center', '7:00:00', '19:00:00', '#31 TJ Road ', 'Kolkata', 'West Bengal', '700042');
insert into amenities values('Mother Theresa Hospital', 'Hospital', '12:00:00', '12:00:00', '#32 JZ Road', 'Kolkata', 'West Bengal', '700042');
insert into amenities values('Big Bazaar ', 'Department Store', '7:00:00','22:00:00', '#33 VV Road ', 'Kolkata', 'West Bengal', '700042');

********************************************************************************************************************
CAN_ACCESS:
insert into can_access values('380004_02', '#04 Summit Crossing ', 'Ahmedabad', 'Gujarat', '380004');
insert into can_access values('380004_02', '#904 Oakridge Trail', 'Ahmedabad', 'Gujarat', '380004');
insert into can_access values('380004_02', '#08 Crest Line Center ', 'Ahmedabad', 'Gujarat', '380004');
insert into can_access values('380004_02', '#91 Farmco Street ', 'Ahmedabad', 'Gujarat', '380004');

insert into can_access values('560070_21', ' #01 AB Road ', 'Bengaluru', 'Karnataka', '560070');
insert into can_access values('560070_21', '#02 BC Road ', 'Bengaluru', 'Karnataka', '560070');
insert into can_access values('560070_21', '#03 CD Road', 'Bengaluru', 'Karnataka', '560070');
insert into can_access values('560070_21', '#04 DE Road ', 'Bengaluru', 'Karnataka', '560070');
insert into can_access values('560070_21', '#05 EF Road', 'Bengaluru', 'Karnataka', '560070');
insert into can_access values('560070_21', '#06 GH Road', 'Bengaluru', 'Karnataka', '560070');

insert into can_access values('560070_27', ' #01 AB Road ', 'Bengaluru', 'Karnataka', '560070');
insert into can_access values('560070_27', '#02 BC Road ', 'Bengaluru', 'Karnataka', '560070');
insert into can_access values('560070_27', '#03 CD Road', 'Bengaluru', 'Karnataka', '560070');
insert into can_access values('560070_27', '#04 DE Road ', 'Bengaluru', 'Karnataka', '560070');
insert into can_access values('560070_27', '#05 EF Road', 'Bengaluru', 'Karnataka', '560070');
insert into can_access values('560070_27', '#06 GH Road', 'Bengaluru', 'Karnataka', '560070');

insert into can_access values('560012_09', '#11 LM Road', 'Bengaluru', 'Karnataka', '560012');
insert into can_access values('560012_09', '#12 MN Road', 'Bengaluru', 'Karnataka', '560012');
insert into can_access values('560012_09', '#13 NO Road', 'Bengaluru', 'Karnataka', '560012');

insert into can_access values('560010_29', '#07 HI Road', 'Bengaluru', 'Karnataka', '560010');
insert into can_access values('560010_29', '#08 IJ Road', 'Bengaluru', 'Karnataka', '560010');
insert into can_access values('560010_29', '#09 JK Road', 'Bengaluru', 'Karnataka', '560010');
insert into can_access values('560010_29', '#10 KL Road', 'Bengaluru', 'Karnataka', '560010');

insert into can_access values('560010_33', '#07 HI Road', 'Bengaluru', 'Karnataka', '560010');
insert into can_access values('560010_33', '#08 IJ Road', 'Bengaluru', 'Karnataka', '560010');
insert into can_access values('560010_33', '#09 JK Road', 'Bengaluru', 'Karnataka', '560010');
insert into can_access values('560010_33', '#10 KL Road', 'Bengaluru', 'Karnataka', '560010');

insert into can_access values('560061_11', '#14 OP Road ', 'Bengaluru', 'Karnataka', '560061');
insert into can_access values('560061_11', '#15 PQ Road ', 'Bengaluru', 'Karnataka', '560061');
insert into can_access values('560061_11', '#16 QR Road', 'Bengaluru', 'Karnataka', '560061');
insert into can_access values('560061_11', '#17 RS Road', 'Bengaluru', 'Karnataka', '560061');

insert into can_access values('110005_12', '#18 ST Road', 'New Delhi', 'Delhi', '110005');
insert into can_access values('110005_12', '#19 TU Road', 'New Delhi', 'Delhi', '110005');
insert into can_access values('110005_12', '#20 UV Road', 'New Delhi', 'Delhi', '110005');
insert into can_access values('110005_12', '#21 VW Road', 'New Delhi', 'Delhi', '110005');

insert into can_access values('40006_15', '#22 WX Road', 'Mumbai', 'Maharashtra', '400006');
insert into can_access values('40006_15', '#23 XY Road', 'Mumbai', 'Maharashtra', '400006');
insert into can_access values('40006_15', '#24 YZ Road', 'Mumbai', 'Maharashtra', '400006');
insert into can_access values('40006_15', '#25 AZ Road', 'Mumbai', 'Maharashtra', '400006');
insert into can_access values('40006_15', '#26 QP Road ', 'Mumbai', 'Maharashtra', '400006');
insert into can_access values('40006_15', '#27 NM Road', 'Mumbai', 'Maharashtra', '400006');
insert into can_access values('40006_15', '#28 PS Road', 'Mumbai', 'Maharashtra', '400006');

insert into can_access values('700046_14', '#30 GD Road', 'Kolkata', 'West Bengal', '700042');
insert into can_access values('700046_14', '#31 TJ Road ', 'Kolkata', 'West Bengal', '700042');
insert into can_access values('700046_14', '#32 JZ Road', 'Kolkata', 'West Bengal', '700042');
insert into can_access values('700046_14', '#33 VV Road ', 'Kolkata', 'West Bengal', '700042');

********************************************************************************************************************
EMPLOYEE:
insert into employee values('abc@gmail.com','Aakash Shah','IT',800000,'Front EndDeveloper','000011112222','Infosys','2000-03-05');

insert into employee values('bcd@gmail.com','Sheetal Shah','IT',1000000,'Manager','333311112222','Infosys','1999-01-01');

insert into employee values('cde@gmail.com','Akhila Narayan','Service',400000,'Customer Care','111122223333','Amazon','2005-03-01');

insert into employee values('def@gmail.com', 'Narayan Prasad','IT',900000,'Tester','555522223333','Microsoft','2002-06-01');

insert into employee values('efg@gmail.com', 'Brindha Lokesh','Consumer Goods',300000,'Operations Engineer','222233334444','Flipkart','2019-03-05');

insert into employee values('fgh@gmail.com', 'Kannur Lokesh','IT',900000,'Software Developer','111133334444', 'Amazon','2017-03-05');

insert into employee values('ghi@gmail.com','Prakash Raj','IT',1000000,'Technician','333344445555','Amazon','1996-01-01');

insert into employee values('hij@gmail.com', 'Deepa Rao','Service',800000,'Manager','999988887777','Sheraton Grand','2000-08-01');

insert into employee values('ijk@gmail.com', 'Sathyanarayan Rao','IT',1100000,'Tester','444433332222','Amazon','1999-03-05');

insert into employee values('jkl@gmail.com','Koshy George','IT',800000,'IT Analyst','555577776666','Microsoft','2002-01-01');

insert into employee values('klm@gmail.com', 'Fathima Sheikh','Education',500000, 'Coordinator','555544443333','Delhi Public School','1990-03-05');

insert into employee values('lmn@gmail.com','Om Kapoor','Pharmaceutical',800000,'Technician','456711112222','SunPharma','2006-03-05');

insert into employee values('mno@gmail.com','Neil Kapoor','Pharmaceutical',500000,'Tester','987611112222','SunPharma','2020-01-01');

insert into employee values('nop@gmail.com','Sheetal Shah','Consumer Goods',1000000,'Manager' ,'333311112222','Flipkart','1999-03-05');

insert into employee values('opq@gmail.com','Reeya Biswas','IT',500000,'Executive','000054172222','State Bank','2010-01-01');

insert into employee values('pqr@gmail.com','Mithun Biswas','IT',900000,'Sales Officer','000064532222','State Bank','2000-03-05');


*********************************************************************************************************************
EMPLOYER:
insert into employer values ('Microsoft', 'Global,Rajerajeshwari Nagar,Bengaluru,560070', '{"IT Analyst", "Technician", "Tester"}', '{"9999999999", "8888888888"}', '{"Consumer Electronics", "Software Development", "Computer Hardware"}');

insert into employer values ('Infosys','Bhavnagar,Gujarat,380004 ','{"Manager", "Front end developer"}','{"666666666", "777777777"}','{"IT", "Service ", "Software Development"}');

insert into employer values ('SunPharma', 'Goregaon Mumbai 4000006', '{"IT Analyst", "Technician", "Tester"}', '{"555555555","444444444"}',
'{"Pharmaceutical"}');


insert into employer values ('Flipkart', ',Embassy Tech Park ,Bengaluru,560010', '{"Manager", "Operations Engineer", "Customer Care"}', '{"333333333", "222222222"}','{"Consumer Goods"}');


insert into employer values ('Delhi Public School', 'Indira Nagar ,New Delhi,110005', '{"Primary Teacher", "High School Teacher", "Coordinator"}', '{"111111111", "111100000"}','{"Education"}');


insert into employer values ('State Bank', ' MG Road,Kolkata,West Bengal,700042', '{"Executive", "Sales Officer", "Peon"}', '{"111122222", "222233333"}',  '{"Banking"}');


insert into employer values ('Amazon', 'Manyata Tech Park,Bengaluru,560012', '{"Customer Care", "Technician", "Tester","Software Developer"}', '{"333344444", "444455555"}','{ "Software Development", "Consumer Goods","IT"}');


insert into employer values ('Sheraton Grand', 'World Trade Center,Bengaluru,560071 ', '{"Cook", "Helper", "Manager","Hotel Staff"}', '{"555566666", "666677777"}','{"Hotels and Restaurant"}');


insert into employer values ('PES University', 'RR Nagar ,Bengaluru,560071 ', '{"IT analyst", "Professor", "Assistant Professor","Tester"}', '{"555566666", "666677777"}','{"Education","IT"}');

insert into employer values ('Fortis', 'Rajajinagar ,Bengaluru,560010 ', '{"IT analyst", "Doctor", "Lab Attendent","Nurse"}', '{"55557890", "66623456"}','{"Medical","IT"}');


*********************************************************************************************************************EDUCATION:
insert into education values('000011112222' , 'Undergraduate', 'f' , '1999' ,'Maharashtra', 'IITB');
insert into education values('999900001111' , 'Post graduate', 'f' , '2005' ,'Karnataka', 'UVCE');
insert into education values('333311112222' , 'Post graduate', 'f' , '1999' ,'Maharashtra', 'IITB');
insert into education values('000012342222' , 'Diploma', 'f' , '1967' ,'Maharashtra', 'University of Mumbai');
insert into education values('111100007777' , 'Undergraduate', 'f' , '2003' ,'Karnataka', 'M S Ramaiah');
insert into education values('555511112222' , 'Undergraduate', 'y' , '2024' ,'Karnataka', 'PES University');
insert into education values('111144442222' , '8th pass', 'f' , '1970' ,'Gujarat', 'Sabarmatti School');

insert into education values('555522223333' , 'Doctorate', 'y' , '2021' ,’Karnataka', 'IISC');
insert into education values('111122223333' , 'Postgraduate', 'f' , '2021' ,'Karnataka', 'Bangalore Medical College');
insert into education values('777722223333' , 'LKG', 'y' , '2021' ,'Karnataka', 'Delhi Public School');

insert into education values('666677778888' , 'Undergraduate', 'f' ,'2017'  ,'Karnataka', 'RVCE');
insert into education values('333344445555' , 'Undergraduate', 'f' , '1989' ,'Maharashtra', 'M K Gandhi University');
insert into education values('888899991111' , 'Postgraduate', 'y' ,'2022'  ,'Bostan,USA', 'Harvard');
insert into education values('888899991112' , 'Undergraduate', 'f' , '2017' ,'Karnataka', 'BMS College');


insert into education values('999988887777' , 'Undergraduate', 'f' ,'2017'  ,'Karnataka', 'RVCE');
insert into education values('22221111000' , '9th standard', 'y' , '2021' ,'Karnataka', 'Venkat International Public School');
insert into education values('111100009999' , '12th standard', 'y' ,'2021'  ,'Karnataka', 'Venkat International Public School');
insert into education values('444433332222' , 'Postgraduate', 'f' , '1997' ,'Karnataka', 'M S Ramaiah');
insert into education values('777766665555' , 'Undergraduate', 'y' , '2024' ,'Karnataka', 'M S Ramaiah');


insert into education values('555577776666' , 'Undergraduate', 'f' ,'2005'  ,'Kerala', 'St. Marks University');
insert into education values('999977776666' , 'Postgraduate', 'f' , '2010' ,'Karnataka', 'IISC');
insert into education values('888877776666' , '3rd standard', 'y' , '2021' ,'Karnataka', 'National Public School');

insert into education values('666655554444' , 'Doctorate', 'f' ,'1979'  ,'New Delhi', 'Delhi University');
insert into education values('555544443333' , 'Undergraduate', 'f' , '1970' ,'New Delhi', 'Delhi University');


insert into education values('000011112522' , 'Undergraduate', 'f' , '2018' ,'Maharashtra', 'Savitribai Phule University');
insert into education values('456711112222' , 'Undergraduate', 'f' ,'1989'  ,'Maharashtra', 'Shivaji University');
insert into education values('894311112222', 'Postgraduate', 'f' , '1992' ,'Maharashtra', 'Shivaji University');
insert into education values('111100005555' , 'Undergraduate', 'f' , '2018' ,'Karnataka', 'PES University');
insert into education values('000076132222' , '12th standard', 'f' ,'1980'  ,'Maharashtra',
'Bharatiya Vidya Mandir');
insert into education values('234511112222' , '8th standard', 'f' , '1978' ,'Maharashtra', 'Bharatiya Vidya Mandir');
insert into education values('987611112222' , 'Undergraduate', 'f' , '2012' ,'Karnataka', 'RVCE');

insert into education values('333322221111' , 'Postgraduate', 'y' ,'2022'  ,'Newyork, USA',
'Columbia University');
insert into education values('111100006666' , 'Postgraduate', 'f' , '2020' ,'Maharashtra', 'St.Joseph Degree College ');


insert into education values('000034212222', 'Doctorate', 'f' , '1965' ,'West Bengal', 'Vishwa Vidhyalay');
insert into education values('000054172222' , 'Doctorate', 'f' , '2021' ,'New Delhi', 'Delhi University');
insert into education values('000098762222' , '-', 'f' , NULL,'-', '-');
insert into education values('000064532222', 'Postgraduate', 'f' ,'2015'  ,'New Delhi','Aims University');
insert into education values('679811112222' , 'Undergraduate', 'f' , '1975' ,'Maharashtra', 'St.Joseph Degree College ');

********************************************************************************************************************
ASSETS:

insert into assets values('KA03MX5006','555522223333',2018,900000.00,'Car','Renault Duster RXS');

insert into assets values('GJ12AB1000','111144442222',2010,499999.89,'Car','Hyundai Grand i10');

insert into assets values('ABC123','222233334444',2021,2100000.00,'Farm House','2000 square meters land');

insert into assets values('EFG234','333344445555',1999,200000.00,'Investment','Gold Slabs');

insert into assets values('560019VR','999988887777',2017,150000.00,'House','3 BHK Apartment');

insert into assets values('KA10BG2009','999977776666',2019,53000.00,'Scooty','Scooty Pep Plus Glossy');


insert into assets values('165TQY','666655554444',1995,100000.00,'House','Two floor independent house');

insert into assets values('189GHT','000011112222',2020,2000000.00,'Investment','Office Space');

insert into assets values('BHT5423','333322221111',2015,300000.00,'Car','Tata Nano Diesel');

insert into assets values('WB98HT4236','000054172222',2019,73447.00,'Scooty','TVS Jupiter ZX Disc with IntelliGo');

*********************************************************************************************************************DEATH:

insert into death values('12345678',NULL, 'Covid-19' , '2020-04-12', '09:00:00');
insert into death values('45358989',NULL, 'Covid-19' , '2020-05-30', '11:15:00');
insert into death values('80554747',NULL, 'Covid-19' , '2020-09-16', '09:56:08');
insert into death values('55079745',NULL, 'Covid-19' , '2020-09-27', '23:34:09');
insert into death values('79473207',NULL, 'Covid-19' , '2020-09-04', '04:23:00');
insert into death values('35682366',NULL, 'Covid-19' , '2020-10-15', '19:00:00');
insert into death values('80356882',NULL, 'Covid-19' , '2020-10-08', '10:36:16');
insert into death values('23456987',NULL, 'Covid-19' , '2020-10-01', '15:46:27');
insert into death values('94758884',NULL, 'Covid-19' , '2020-11-23', '14:12:15');
insert into death values('45623178',NULL, 'Covid-19' , '2021-01-12', '05:00:00');
insert into death values('98456743',NULL, 'Heart Attack' , '2020-09-04', '04:23:00');
insert into death values('12123099',NULL, 'Blood Cancer' , '2020-10-08', '10:36:16');
insert into death values('24567230',NULL, 'Kidney Failure' , '2020-10-01', '15:46:27');
insert into death values('23468644','000012342222', 'Heart Attack' , '2020-09-27', '23:34:09');
insert into death values('45623178','333344445555', 'Covid-19' , '2021-01-13', '05:30:00');
insert into death values('68477249','000011112222', 'Covid-19' , '2021-02-16', '15:09:30');
insert into death values('87456388','234511112222', 'Covid-19' , '2021-02-25', '17:00:06');
insert into death values('87456388','000034212222', 'Covid-19' , '2021-02-25', '17:00:06');

*********************************************************************************************************************
UPDATES FOR THE ABOVE TABLES:

insert into employer values ('PES University', 'RR Nagar ,Bengaluru,560071 ', '{"IT analyst", "Professor", "Assistant Professor","Tester"}', '{"555566666", "666677777"}','{"Education","IT"}');

insert into employer values ('Fortis', 'Rajajinagar ,Bengaluru,560010 ', '{"IT analyst", "Doctor", "Lab Attendent","Nurse"}', '{"55557890", "66623456"}','{"Medical","IT"}');

update employee set sector='Education' , role='Professor' , company_name='PES University' where aadhar_no='555522223333';

update employee set sector='Medical' , role='Doctor' , company_name='Fortis' where aadhar_no='111122223333';

update employee set sector='Medical' , role='Doctor' , company_name='Fortis' where aadhar_no='000064532222';

update education set qualification='Undergraduate' , name_of_institute='St Joseph Degree College' where aadhar_no='000054172222';



